listing_id,title,subtitle,price,year,km,hand,gearbox,engine,engine_type,engine_cc,location,current_ownership,original_ownership,test_valid_until,score,decision,positive_reasons,flags,image_count,url,color,body_type,phone_available,first_seen_at,last_seen_at,last_notified_at,tags
hh9dl9wd,הונדה ג'אז,Comfort אוט׳ 1.3 (102 כ״ס) [2017-2021],"53,000 ₪",2018,"92,000",2,אוטומט,"בנזין, 1318",בנזין,1318,אזור חיפה והסביבה,סוכנות (N.Y cars),פרטית,01/11/2026,65,notify,first_or_second_hand: יד 2,,105,https://www.yad2.co.il/vehicles/item/hh9dl9wd,לבן שנהב,האצ'בק,no,19/08/2026 13:21,19/08/2026 17:08,19/08/2026 13:21,
1pbdqqf0,מאזדה 2,Dynamic אוט׳ 1.5 (112 כ״ס),"45,000 ₪",2016,"107,000",1,אוטומט,"בנזין, 1496",בנזין,1496,אזור חיפה והסביבה,סוכנות (שירה Car),,01/01/2027,65,notify,first_or_second_hand: יד 1,,127,https://www.yad2.co.il/vehicles/item/1pbdqqf0,אדום,האצ'בק,no,19/08/2026 10:36,19/08/2026 17:08,19/08/2026 10:36,
clkisuj9,יונדאי אלנטרה,Supreme אוט׳ 1.6 (132 כ״ס),"47,900 ₪",2016,"107,000",2,אוטומט,"בנזין, 1591",בנזין,1591,אזור ראשון לציון והסביבה,סוכנות (nextcar),פרטית,01/08/2027,65,notify,first_or_second_hand: יד 2,,156,https://www.yad2.co.il/vehicles/item/clkisuj9,בז' מטאלי,סדאן,no,19/08/2026 10:36,19/08/2026 17:08,19/08/2026 10:36,סאן-רוף | גלגלי מגנזיום | בקרת שמירת מרחק
isu5qvz8,מאזדה 3,Sport אוט׳ סדאן 4 דל 2.0 (165 כ״ס),"55,000 ₪",2018,"92,330",2,אוטומט,"בנזין, 1998",בנזין,1998,אזור חדרה והסביבה,סוכנות (Avi Motors),החכר (ליסינג),01/08/2027,65,notify,first_or_second_hand: יד 2,,168,https://www.yad2.co.il/vehicles/item/isu5qvz8,כסוף,סדאן,no,18/08/2026 21:28,19/08/2026 17:08,,גלגלי מגנזיום | חסכוני
u6a4p334,יונדאי I35,Supreme אוט׳ 1.6 (132 כ״ס),"46,000 ₪",2016,"118,000",2,אוטומט,"בנזין, 1591",בנזין,1591,אזור באר שבע והסביבה,פרטית,פרטית,01/03/2027,75,notify,private_ownership: 'פרטית' | first_or_second_hand: יד 2,,224,https://www.yad2.co.il/vehicles/item/u6a4p334,שחור,סדאן,no,18/08/2026 21:27,19/08/2026 17:08,18/08/2026 21:28,
d4o475e8,מאזדה 2,Dynamic אוט׳ 1.5 (112 כ״ס),"49,000 ₪",2017,"115,000",2,אוטומט,"בנזין, 1496",בנזין,1496,אזור חולון ובת ים,סוכנות (My Motors),פרטית,01/08/2027,65,notify,first_or_second_hand: יד 2,,164,https://www.yad2.co.il/vehicles/item/d4o475e8,לבן פנינה,האצ'בק,no,18/08/2026 14:04,19/08/2026 17:08,18/08/2026 14:04,
vr2n47qj,מאזדה 3,Sport אוט׳ סדאן 4 דל 2.0 (165 כ״ס),"52,900 ₪",2017,"103,000",2,אוטומט,"בנזין, 1998",בנזין,1998,אזור חדרה והסביבה,סוכנות (Avi Motors),החכר (ליסינג),01/03/2027,65,notify,first_or_second_hand: יד 2,,60,https://www.yad2.co.il/vehicles/item/vr2n47qj,לבן שנהב,סדאן,no,18/08/2026 14:04,18/08/2026 17:26,,גלגלי מגנזיום | חסכוני
auvuy6vn,מאזדה 3,Sport אוט׳ סדאן 4 דל 2.0 (165 כ״ס),"53,500 ₪",2018,"91,000",2,אוטומט,"בנזין, 1998",בנזין,1998,אזור רמת השרון והרצליה,סוכנות (יהלומים מיפן),השכרה,01/06/2027,65,notify,first_or_second_hand: יד 2,,287,https://www.yad2.co.il/vehicles/item/auvuy6vn,כחול,סדאן,no,18/08/2026 14:04,19/08/2026 17:08,,גלגלי מגנזיום | חסכוני | נסיעת מבחן
xn32k9ae,מאזדה 2,Dynamic אוט׳ 1.5 (112 כ״ס),"50,500 ₪",2016,"93,000",2,אוטומט,"בנזין, 1496",בנזין,1496,אזור מודיעין והסביבה,פרטית,ייבוא מקביל,01/01/2027,75,notify,private_ownership: 'פרטית' | first_or_second_hand: יד 2,,328,https://www.yad2.co.il/vehicles/item/xn32k9ae,שחור מטאלי,האצ'בק,no,18/08/2026 14:04,19/08/2026 17:08,,
8wnt8gny,הונדה סיוויק,Comfort אוט׳ האצ'בק 5 דל 1.8 (142 כ״ס),"51,500 ₪",2017,"120,000",1,אוטומט,"בנזין, 1798",בנזין,1798,אזור חולון ובת ים,סוכנות (unicar),,18/08/2026,65,notify,first_or_second_hand: יד 1,,369,https://www.yad2.co.il/vehicles/item/8wnt8gny,כסף מטלי,האצ'בק,no,18/08/2026 14:04,19/08/2026 17:08,18/08/2026 14:04,מנוע חזק | גלגלי מגנזיום | בקרת שמירת מרחק
4jbxqdpq,סוזוקי קרוסאובר,GLX אוט׳ 1.6 (120 כ״ס),"45,000 ₪",2016,"116,000",1,אוטומט,"בנזין, 1586",בנזין,1586,אזור חיפה והסביבה,סוכנות (רכב אמיר),,01/08/2026,65,notify,first_or_second_hand: יד 1,,480,https://www.yad2.co.il/vehicles/item/4jbxqdpq,לבן שנהב,האצ'בק,no,16/08/2026 23:28,19/08/2026 17:08,16/08/2026 23:39,
ciqwi9n0,סוזוקי קרוסאובר,GLX אוט׳ 1.6 (120 כ״ס),"54,000 ₪",2016,"75,000",1,אוטומט,"בנזין, 1586",בנזין,1586,אזור רמת גן וגבעתיים,סוכנות (Brilliant motorclub),,01/02/2027,65,notify,first_or_second_hand: יד 1,,400,https://www.yad2.co.il/vehicles/item/ciqwi9n0,אפור מטאלי,האצ'בק,no,16/08/2026 23:28,19/08/2026 17:08,16/08/2026 23:39,
loi4xezk,סוזוקי קרוסאובר,GLX אוט׳ 1.6 (120 כ״ס),"50,000 ₪",2016,"54,000",1,אוטומט,"בנזין, 1586",בנזין,1586,אזור רמלה - לוד,סוכנות (ZAMIR AUTO GROUP),,01/05/2027,65,notify,first_or_second_hand: יד 1,,800,https://www.yad2.co.il/vehicles/item/loi4xezk,אפור מטאלי,האצ'בק,no,16/08/2026 23:28,19/08/2026 17:08,16/08/2026 23:39,גלגלי מגנזיום | בקרת שמירת מרחק
y9um5nx5,מאזדה 2,Comfort אוט׳ 1.5 (112 כ״ס),"45,900 ₪",2018,"115,000",2,אוטומט,"בנזין, 1496",בנזין,1496,אזור חולון ובת ים,סוכנות (auto elegant),,01/02/2027,65,notify,first_or_second_hand: יד 2,,315,https://www.yad2.co.il/vehicles/item/y9um5nx5,אפור,סדאן,no,16/08/2026 23:28,19/08/2026 17:08,16/08/2026 23:41,
srwg0z6i,טויוטה קורולה,GLI אוט׳ 1.6 (132 כ״ס) [2016-2019],"48,500 ₪",2016,"97,000",2,אוטומט,"בנזין, 1598",בנזין,1598,אזור רמת השרון והרצליה,סוכנות (יהלומים מיפן),,01/02/2027,65,notify,first_or_second_hand: יד 2,,28,https://www.yad2.co.il/vehicles/item/srwg0z6i,לבן,סדאן,no,16/08/2026 23:28,17/08/2026 09:40,,
ah9zuwso,מאזדה 2,Dynamic אוט׳ 1.5 (112 כ״ס),"49,900 ₪",2016,"96,000",1,אוטומט,"בנזין, 1496",בנזין,1496,אזור צפון השרון,סוכנות (A car),,01/08/2027,65,notify,first_or_second_hand: יד 1,,270,https://www.yad2.co.il/vehicles/item/ah9zuwso,כחול,האצ'בק,no,16/08/2026 23:28,19/08/2026 17:08,16/08/2026 23:40,
wxbqlq6y,מאזדה 3,Spirit אוט׳ האצ'בק 5 דל 2.0 (165 כ״ס) [2014-2016],"53,900 ₪",2016,"49,000",2,אוטומט,"בנזין, 1998",בנזין,1998,אזור רמלה - לוד,סוכנות (LT MOTORS),,01/01/2027,65,notify,first_or_second_hand: יד 2,,20,https://www.yad2.co.il/vehicles/item/wxbqlq6y,לבן פנינה,האצ'בק,no,16/08/2026 23:28,17/08/2026 09:40,16/08/2026 23:41,
7wnkhb7q,מאזדה 3,Comfort אוט׳ סדאן 4 דל 1.5 (120 כ״ס) [2017-2019],"54,900 ₪",2019,"120,000",2,אוטומט,"בנזין, 1496",בנזין,1496,אזור חיפה והסביבה,סוכנות (יוסף כהן‏ טופ מוטורס),,01/03/2027,65,notify,first_or_second_hand: יד 2,,405,https://www.yad2.co.il/vehicles/item/7wnkhb7q,לבן מטאלי,סדאן,no,16/08/2026 23:28,19/08/2026 17:08,16/08/2026 23:41,גלגלי מגנזיום | חסכוני | בקרת שמירת מרחק
y4ibbx3v,מאזדה 2,Comfort אוט׳ 1.5 (112 כ״ס),"54,500 ₪",2018,"66,000",2,אוטומט,"בנזין, 1496",בנזין,1496,אזור ראשון לציון והסביבה,סוכנות (דה לוקס קאר),,01/01/2027,65,notify,first_or_second_hand: יד 2,,360,https://www.yad2.co.il/vehicles/item/y4ibbx3v,אפור מטאלי,סדאן,no,16/08/2026 23:28,19/08/2026 17:08,16/08/2026 23:41,
aysu3ym8,טויוטה קורולה,Sun אוט׳ 1.6 (132 כ״ס) [2013-2016],"54,000 ₪",2016,"115,000",2,אוטומט,"בנזין, 1598",בנזין,1598,אזור רמת גן וגבעתיים,סוכנות (Brilliant motorclub),,01/04/2027,65,notify,first_or_second_hand: יד 2,,225,https://www.yad2.co.il/vehicles/item/aysu3ym8,כסוף מטאלי,סדאן,no,16/08/2026 23:28,19/08/2026 17:08,,
w6woe399,מאזדה 3,Comfort אוט׳ 2.0 (165 כ״ס) [2020-2026],"35,000 ₪",2023,"70,951",1,אוטומט,"בנזין, 1998",בנזין,1998,כל הארץ,סוכנות (כונס רכב ),,,65,notify,first_or_second_hand: יד 1,,135,https://www.yad2.co.il/vehicles/item/w6woe399,לבן,סדאן,no,16/08/2026 23:28,19/08/2026 17:08,16/08/2026 23:41,
pj41pj1p,מאזדה 2,Active אוט׳ 1.5 (112 כ״ס),"46,500 ₪",2017,"101,000",2,אוטומט,"בנזין, 1496",בנזין,1496,אזור נתניה והסביבה,סוכנות (רכבים בסטייל YAD2),,01/04/2027,65,notify,first_or_second_hand: יד 2,,315,https://www.yad2.co.il/vehicles/item/pj41pj1p,לבן שנהב,האצ'בק,no,16/08/2026 23:28,19/08/2026 17:08,,
u9hs2rlu,מאזדה 2,Dynamic אוט׳ 4 דל 1.5 (116 כ״ס),"35,000 ₪",2023,"91,807",1,אוטומט,"בנזין, 1496",בנזין,1496,כל הארץ,סוכנות (כונס רכב ),,,65,notify,first_or_second_hand: יד 1,,135,https://www.yad2.co.il/vehicles/item/u9hs2rlu,לבן,האצ'בק,no,16/08/2026 23:28,19/08/2026 17:08,16/08/2026 23:40,
3n33c3ap,מאזדה 2,Dynamic אוט׳ 1.5 (112 כ״ס),"54,900 ₪",2018,"114,000",2,אוטומט,"בנזין, 1496",בנזין,1496,בקעת אונו,סוכנות (SABRA טרייד אין),,01/11/2026,65,notify,first_or_second_hand: יד 2,,405,https://www.yad2.co.il/vehicles/item/3n33c3ap,אפור,האצ'בק,no,16/08/2026 23:28,19/08/2026 17:08,,מנוע חזק | גלגלי מגנזיום
v2zdqta3,מאזדה 3,Active אוט׳ סדאן 4 דל 1.5 (120 כ״ס) [2014-2016],"45,000 ₪",2016,"66,000",2,אוטומט,"בנזין, 1496",בנזין,1496,אזור חדרה והסביבה,סוכנות (אבישי עסקי רכב),,01/03/2027,75,notify,inspection: 'ללא תאונות' | first_or_second_hand: יד 2,,270,https://www.yad2.co.il/vehicles/item/v2zdqta3,שחור,סדאן,no,16/08/2026 23:28,19/08/2026 17:08,16/08/2026 23:40,חסכוני | ללא תאונות | בהזדמנות
u0f32gai,מאזדה 3,Comfort אוט׳ סדאן 4 דל 2.0 (165 כ״ס) [2016-2019],"47,900 ₪",2017,"94,000",2,אוטומט,"בנזין, 1998",בנזין,1998,אזור צפון השרון,סוכנות (חי רכבים),,01/11/2026,65,notify,first_or_second_hand: יד 2,,180,https://www.yad2.co.il/vehicles/item/u0f32gai,לבן מטאלי,סדאן,no,16/08/2026 23:28,19/08/2026 17:08,16/08/2026 23:40,גלגלי מגנזיום | חסכוני | מערכת מולטימדיה
ksrt6jn8,מאזדה 2,Dynamic אוט׳ 1.5 (116 כ״ס) [2018-2020],"50,000 ₪",2019,"120,000",2,אוטומט,"בנזין, 1496",בנזין,1496,אזור חולון ובת ים,סוכנות (מיקה מוטורס),,01/06/2027,65,notify,first_or_second_hand: יד 2,,405,https://www.yad2.co.il/vehicles/item/ksrt6jn8,לבן שנהב,האצ'בק,no,16/08/2026 23:28,19/08/2026 17:08,,גלגלי מגנזיום | חסכוני | בקרת שמירת מרחק
r1tqcvto,מאזדה 3,Active אוט׳ סדאן 4 דל 1.5 (120 כ״ס) [2014-2016],"48,900 ₪",2016,"94,000",2,אוטומט,"בנזין, 1496",בנזין,1496,אזור חולון ובת ים,סוכנות (unicar),,01/08/2026,75,notify,inspection: 'ללא תאונות' | first_or_second_hand: יד 2,,405,https://www.yad2.co.il/vehicles/item/r1tqcvto,כסוף מטאלי,סדאן,no,16/08/2026 23:28,19/08/2026 17:08,16/08/2026 23:40,חסכוני | מערכת מולטימדיה | ללא תאונות
b508nguo,יונדאי אלנטרה,Inspire אוט׳ 1.6 (132 כ״ס),"53,000 ₪",2016,"118,600",2,אוטומט,"בנזין, 1591",בנזין,1591,אזור רמת גן וגבעתיים,סוכנות (Brilliant motorclub),,01/06/2027,71,notify,condition: 'שמור' | first_or_second_hand: יד 2,,225,https://www.yad2.co.il/vehicles/item/b508nguo,אפור,סדאן,no,16/08/2026 23:27,19/08/2026 17:08,,סאן-רוף | בקרת שמירת מרחק | שמור ביותר
4rg1c8z2,הונדה ג'אז,Comfort אוט׳ 1.3 (102 כ״ס) [2015-2018],"54,000 ₪",2016,,2,אוטומט,"בנזין, 1318",בנזין,1318,אזור רמת גן וגבעתיים,סוכנות (Brilliant motorclub),,,65,notify,first_or_second_hand: יד 2,,220,https://www.yad2.co.il/vehicles/item/4rg1c8z2,,,no,16/08/2026 23:27,19/08/2026 17:08,,
wq78bpuh,הונדה סיוויק,Comfort אוט׳ האצ'בק 5 דל 1.8 (142 כ״ס),"45,900 ₪",2017,,2,אוטומט,"בנזין, 1798",בנזין,1798,אזור ראשון לציון והסביבה,"סוכנות (טויוטה ראשל""צ סלקט)",,,65,notify,first_or_second_hand: יד 2,,18,https://www.yad2.co.il/vehicles/item/wq78bpuh,,,no,16/08/2026 23:27,17/08/2026 09:39,,
gik4q50k,הונדה סיוויק,Comfort אוט׳ סדאן 4 דל 1.8 (142 כ״ס),"44,000 ₪",2016,,1,אוטומט,"בנזין, 1798",בנזין,1798,אזור חיפה והסביבה,סוכנות (N.Y cars),,,65,notify,first_or_second_hand: יד 1,,264,https://www.yad2.co.il/vehicles/item/gik4q50k,,,no,16/08/2026 23:27,19/08/2026 17:08,,
vohjdp4w,הונדה סיוויק,Comfort אוט׳ האצ'בק 5 דל 1.8 (142 כ״ס),"54,500 ₪",2017,,1,אוטומט,"בנזין, 1798",בנזין,1798,אזור חולון ובת ים,סוכנות (unicar),,,65,notify,first_or_second_hand: יד 1,,27,https://www.yad2.co.il/vehicles/item/vohjdp4w,,,no,16/08/2026 23:27,17/08/2026 09:39,,יד ראשונה | גלגלי מגנזיום | בקרת שמירת מרחק
xzwc48b6,הונדה סיוויק,Elegance אוט׳ 1.6 (125 כ״ס),"54,000 ₪",2018,,2,אוטומט,"בנזין, 1597",בנזין,1597,אזור חיפה והסביבה,פרטית,,,75,notify,private_ownership: 'פרטית' | first_or_second_hand: יד 2,,276,https://www.yad2.co.il/vehicles/item/xzwc48b6,,,no,16/08/2026 22:58,19/08/2026 17:08,,
mlqdgfwi,מאזדה 3,Spirit אוט׳ סדאן 4 דל 2.0 (165 כ״ס) [2014-2016],"53,000 ₪",2016,"80,000",1,אוטומט,"בנזין, 1998",בנזין,1998,אזור תל אביב יפו,פרטית,,01/05/2027,75,notify,private_ownership: 'פרטית' | first_or_second_hand: יד 1,,64,https://www.yad2.co.il/vehicles/item/mlqdgfwi,שחור,סדאן,no,16/08/2026 13:46,16/08/2026 19:39,,
2lklgd9y,הונדה ג'אז,Comfort אוט׳ 1.3 (102 כ״ס) [2015-2018],"49,900 ₪",2016,"63,300",2,אוטומט,"בנזין, 1318",בנזין,1318,אזור חדרה והסביבה,פרטית,,01/10/2026,75,notify,private_ownership: 'פרטית' | first_or_second_hand: יד 2,,52,https://www.yad2.co.il/vehicles/item/2lklgd9y,אפור,האצ'בק,no,16/08/2026 12:13,16/08/2026 15:17,,
fixhl25m,הונדה סיוויק,Executive אוט׳ סדאן 4 דל 1.8 (142 כ״ס),"51,875 ₪",2017,"108,000",1,אוטומט,"בנזין, 1798",בנזין,1798,אזור ירושלים,פרטית,,01/01/2027,75,notify,private_ownership: 'פרטית' | first_or_second_hand: יד 1,,69,https://www.yad2.co.il/vehicles/item/fixhl25m,אפור עכבר,סדאן,no,16/08/2026 11:58,19/08/2026 17:08,,
y06yqz53,מאזדה 3,Comfort אוט׳ סדאן 4 דל 1.5 (120 כ״ס) [2017-2019],"53,000 ₪",2019,"150,000",2,אוטומטי,"בנזין, 1496",בנזין,1496,אזור השפלה,פרטית,,01/01/2027,60,notify,private_ownership: 'פרטית' | first_or_second_hand: יד 2,"high_km: 150,000",4,https://www.yad2.co.il/vehicles/item/y06yqz53,לבן,סדאן,no,16/08/2026 09:54,16/08/2026 09:54,,
j28ctthr,סוזוקי קרוסאובר,GLX אוט׳ 1.6 (120 כ״ס),"39,000 ₪",2016,"145,000",2,אוטומט,"בנזין, 1586",בנזין,1586,פתח תקווה והסביבה,פרטית,,01/09/2026,75,notify,private_ownership: 'פרטית' | first_or_second_hand: יד 2,,18,https://www.yad2.co.il/vehicles/item/j28ctthr,לבן,האצ'בק,no,16/08/2026 09:23,16/08/2026 09:54,,
ji8abpir,סוזוקי קרוסאובר,GLX אוט׳ 1.6 (120 כ״ס),"39,000 ₪",2016,"118,000",2,אוטומט,"בנזין, 1586",בנזין,1586,אזור תל אביב יפו,פרטית,,01/08/2026,75,notify,private_ownership: 'פרטית' | first_or_second_hand: יד 2,,798,https://www.yad2.co.il/vehicles/item/ji8abpir,כסוף מטאלי,האצ'בק,no,16/08/2026 09:23,19/08/2026 17:08,,
xl2u4hfq,סוזוקי קרוסאובר,GLX אוט׳ 1.6 (120 כ״ס),"44,875 ₪",2016,"97,000",1,אוטומט,"בנזין, 1586",בנזין,1586,אזור חיפה והסביבה,פרטית,,01/11/2026,81,notify,condition: 'שמור' | private_ownership: 'פרטית' | first_or_second_hand: יד 1,,342,https://www.yad2.co.il/vehicles/item/xl2u4hfq,לבן,האצ'בק,no,16/08/2026 09:23,19/08/2026 17:08,16/08/2026 23:39,יד ראשונה | בקרת שמירת מרחק | שמור ביותר
kujngfia,מאזדה 3,Comfort אוט׳ סדאן 4 דל 1.5 (120 כ״ס) [2014-2018],"4,900 ₪",2016,"145,000",2,אוטומט,"בנזין, 1496",בנזין,1496,אזור רמלה - לוד,פרטית,,01/05/2027,75,notify,private_ownership: 'פרטית' | first_or_second_hand: יד 2,,12,https://www.yad2.co.il/vehicles/item/kujngfia,לבן פנינה,סדאן,no,16/08/2026 09:23,16/08/2026 09:54,,
05f92kq1,מאזדה 2,Dynamic אוט׳ 1.5 (112 כ״ס),"52,000 ₪",2018,"108,000",2,אוטומט,"בנזין, 1496",בנזין,1496,אזור תל אביב יפו,פרטית,,01/08/2027,75,notify,private_ownership: 'פרטית' | first_or_second_hand: יד 2,,320,https://www.yad2.co.il/vehicles/item/05f92kq1,אפור,האצ'בק,no,16/08/2026 09:22,19/08/2026 17:08,16/08/2026 23:40,
x6hew2jz,טויוטה קורולה,Sun אוט׳ 1.6 (132 כ״ס) [2016-2019],"3,000 ₪",2016,"137,000",2,אוטומט,"בנזין, 1598",בנזין,1598,"אזור יקנעם, טבעון והסביבה",פרטית,,01/09/2027,75,notify,private_ownership: 'פרטית' | first_or_second_hand: יד 2,,12,https://www.yad2.co.il/vehicles/item/x6hew2jz,אפור מטאלי,סדאן,no,16/08/2026 09:22,16/08/2026 09:54,,
ystio3rh,טויוטה קורולה,Sun אוט׳ 1.6 (132 כ״ס) [2016-2019],"54,000 ₪",2017,"144,000",2,אוטומט,"בנזין, 1598",בנזין,1598,אזור עכו נהריה והסביבה,פרטית,,01/02/2027,75,notify,private_ownership: 'פרטית' | first_or_second_hand: יד 2,,21,https://www.yad2.co.il/vehicles/item/ystio3rh,לבן שנהב,סדאן,no,16/08/2026 09:22,16/08/2026 09:54,,
2gwbbk52,טויוטה קורולה,Sun אוט׳ 1.6 (132 כ״ס) [2016-2019],"53,500 ₪",2017,"140,652",2,אוטומט,"בנזין, 1598",בנזין,1598,פתח תקווה והסביבה,פרטית,,01/02/2027,75,notify,private_ownership: 'פרטית' | first_or_second_hand: יד 2,,6,https://www.yad2.co.il/vehicles/item/2gwbbk52,לבן,סדאן,no,16/08/2026 09:22,16/08/2026 09:54,,תא מטען גדול | חסכוני | בקרת שמירת מרחק
2wdhv97w,מאזדה 2,Dynamic אוט׳ 4 דל 1.5 (116 כ״ס),"50,000 ₪",2021,"116,000",2,אוטומט,"בנזין, 1496",בנזין,1496,אזור ירושלים,פרטית,,01/02/2027,75,notify,private_ownership: 'פרטית' | first_or_second_hand: יד 2,,195,https://www.yad2.co.il/vehicles/item/2wdhv97w,שחור,האצ'בק,no,16/08/2026 09:22,17/08/2026 09:40,,
zu9rl2al,מאזדה 2,Dynamic אוט׳ 1.5 (112 כ״ס),"50,500 ₪",2017,"104,000",2,אוטומט,"בנזין, 1496",בנזין,1496,אזור נצרת - שפרעם והסביבה,פרטית,,01/04/2027,75,notify,private_ownership: 'פרטית' | first_or_second_hand: יד 2,,320,https://www.yad2.co.il/vehicles/item/zu9rl2al,כחול,האצ'בק,no,16/08/2026 09:22,19/08/2026 17:08,,
ftd2zj76,מאזדה 3,Spirit אוט׳ סדאן 4 דל 2.0 (165 כ״ס) [2014-2016],"52,900 ₪",2016,"148,000",2,אוטומט,"בנזין, 1998",בנזין,1998,אזור ראשון לציון והסביבה,פרטית,,01/01/2027,75,notify,private_ownership: 'פרטית' | first_or_second_hand: יד 2,,18,https://www.yad2.co.il/vehicles/item/ftd2zj76,לבן שנהב,סדאן,no,16/08/2026 09:22,16/08/2026 09:54,,
5qr95wfy,מאזדה 2,Dynamic אוט׳ 1.5 (112 כ״ס),"53,000 ₪",2017,"108,000",2,אוטומט,"בנזין, 1496",בנזין,1496,אזור הוד השרון והסביבה,פרטית,,01/09/2026,75,notify,private_ownership: 'פרטית' | first_or_second_hand: יד 2,,99,https://www.yad2.co.il/vehicles/item/5qr95wfy,לבן שנהב,האצ'בק,no,16/08/2026 09:22,16/08/2026 19:39,,
e9p8jtdm,מאזדה 3,Spirit אוט׳ סדאן 4 דל 2.0 (165 כ״ס) [2014-2016],"54,025 ₪",2016,"134,000",2,אוטומט,"בנזין, 1998",בנזין,1998,"אזור אשדוד, אשקלון והסביבה",פרטית,,01/05/2027,75,notify,private_ownership: 'פרטית' | first_or_second_hand: יד 2,,3,https://www.yad2.co.il/vehicles/item/e9p8jtdm,לבן שנהב,סדאן,no,16/08/2026 09:22,16/08/2026 09:54,,
op904sgy,מאזדה 2,Dynamic אוט׳ 1.5 (112 כ״ס),"41,000 ₪",2018,"147,125",2,אוטומט,"בנזין, 1496",בנזין,1496,אזור נס ציונה ורחובות,פרטית,,01/06/2027,75,notify,private_ownership: 'פרטית' | first_or_second_hand: יד 2,,15,https://www.yad2.co.il/vehicles/item/op904sgy,כסוף,האצ'בק,no,16/08/2026 09:22,16/08/2026 09:54,,
6mbqxuaj,מאזדה 2,Pure White אוט׳ 1.5 (112 כ״ס),"55,000 ₪",2017,"141,000",2,אוטומט,"בנזין, 1496",בנזין,1496,אזור חיפה והסביבה,פרטית,,01/12/2026,75,notify,private_ownership: 'פרטית' | first_or_second_hand: יד 2,,12,https://www.yad2.co.il/vehicles/item/6mbqxuaj,אפור עכבר,האצ'בק,no,16/08/2026 09:21,16/08/2026 09:54,,
g3z3hkmt,טויוטה יאריס,Sol אוט׳ 1.3 (99 כ״ס) [2014-2017],"42,000 ₪",2016,"142,000",2,אוטומט,"בנזין, 1329",בנזין,1329,אזור חיפה והסביבה,פרטית,,01/07/2027,75,notify,private_ownership: 'פרטית' | first_or_second_hand: יד 2,,3,https://www.yad2.co.il/vehicles/item/g3z3hkmt,לבן,האצ'בק,no,16/08/2026 09:21,16/08/2026 09:54,,
g9hrstvs,מאזדה 2,Dynamic אוט׳ 1.5 (112 כ״ס),"46,000 ₪",2016,"123,000",2,אוטומט,"בנזין, 1496",בנזין,1496,אזור נתניה והסביבה,פרטית,,01/06/2027,75,notify,private_ownership: 'פרטית' | first_or_second_hand: יד 2,,6,https://www.yad2.co.il/vehicles/item/g9hrstvs,סגול מטאלי,האצ'בק,no,16/08/2026 09:21,16/08/2026 09:54,,
0jado621,יונדאי I35,Inspire אוט׳ 1.6 (132 כ״ס),"45,000 ₪",2016,"146,000",2,אוטומט,"בנזין, 1591",בנזין,1591,אזור הר הנגב,פרטית,,01/01/2027,75,notify,private_ownership: 'פרטית' | first_or_second_hand: יד 2,,28,https://www.yad2.co.il/vehicles/item/0jado621,אפור,סדאן,no,16/08/2026 09:21,16/08/2026 10:09,,
wjcp5dd3,יונדאי I35,Supreme אוט׳ 1.6 (132 כ״ס),"49,000 ₪",2016,"118,000",2,אוטומט,"בנזין, 1591",בנזין,1591,אזור באר שבע והסביבה,פרטית,,01/03/2027,75,notify,private_ownership: 'פרטית' | first_or_second_hand: יד 2,,424,https://www.yad2.co.il/vehicles/item/wjcp5dd3,שחור,סדאן,no,16/08/2026 09:21,18/08/2026 18:13,16/08/2026 23:39,
6vcz4shx,הונדה ג'אז,Comfort אוט׳ 1.3 (102 כ״ס) [2017-2021],"52,500 ₪",2019,"140,000",1,אוטומט,"בנזין, 1318",בנזין,1318,אזור רעננה וכפר סבא,פרטית,,01/05/2027,75,notify,private_ownership: 'פרטית' | first_or_second_hand: יד 1,,12,https://www.yad2.co.il/vehicles/item/6vcz4shx,לבן פנינה,האצ'בק,no,16/08/2026 09:20,16/08/2026 10:09,,
doyljske,הונדה סיוויק,Comfort אוט׳ האצ'בק 5 דל 1.8 (142 כ״ס),"47,000 ₪",2016,"96,000",2,אוטומט,"בנזין, 1798",בנזין,1798,אזור חיפה והסביבה,פרטית,,01/07/2027,75,notify,private_ownership: 'פרטית' | first_or_second_hand: יד 2,,640,https://www.yad2.co.il/vehicles/item/doyljske,אפור מטאלי,האצ'בק,no,16/08/2026 09:20,19/08/2026 17:08,,
t24nzyrk,הונדה ג'אז,Comfort אוט׳ 1.3 (102 כ״ס) [2017-2021],"55,000 ₪",2020,"135,000",1,אוטומט,"בנזין, 1318",בנזין,1318,אזור חיפה והסביבה,פרטית,,01/03/2027,75,notify,private_ownership: 'פרטית' | first_or_second_hand: יד 1,,4,https://www.yad2.co.il/vehicles/item/t24nzyrk,אפור,האצ'בק,no,16/08/2026 09:20,16/08/2026 10:09,,
8m6im8qa,הונדה סיוויק,Comfort אוט׳ סדאן 4 דל 1.8 (142 כ״ס),"35,350 ₪",2016,"124,000",2,אוטומט,"בנזין, 1798",בנזין,1798,אזור באר שבע והסביבה,פרטית,,01/11/2026,75,notify,private_ownership: 'פרטית' | first_or_second_hand: יד 2,,16,https://www.yad2.co.il/vehicles/item/8m6im8qa,אפור,סדאן,no,16/08/2026 09:20,16/08/2026 10:09,,
oco63mxj,הונדה סיוויק,Comfort אוט׳ סדאן 4 דל 1.8 (142 כ״ס),"45,000 ₪",2016,"67,000",2,אוטומט,"בנזין, 1798",בנזין,1798,אזור עמק בית שאן,פרטית,,01/09/2027,75,notify,private_ownership: 'פרטית' | first_or_second_hand: יד 2,,206,https://www.yad2.co.il/vehicles/item/oco63mxj,לבן,סדאן,no,16/08/2026 09:20,17/08/2026 09:24,,
